id,name,email
4BlRneEk9jxN6Qka,Banjo & Kazooie,banjo-kazooie@racetime.gg
7BzeW5ErWom9Xgpb,Bayonetta,bayonetta@racetime.gg
xr85vpEMBoX32zJ4,Bowser,bowser@racetime.gg
4GRrp1EXNj0B5DbX,Bowser Jr.,bowser-jr@racetime.gg
K517W0dv3EL82Jm6,Captain Falcon,captain-falcon@racetime.gg
XNprgAEB0j2yRPOw,Charizard,charizard@racetime.gg
gy6vDpdlMEzVxGYr,Chrom,chrom@racetime.gg
bO6vxVoY5og2G4a5,Cloud,cloud@racetime.gg
qBZOVejqRdAYQ4zy,Corrin,corrin@racetime.gg
pVxDn1jPzE6XwZbe,Daisy,daisy@racetime.gg
Yp0QD7oN5EM3Xyz2,Dark Pit,dark-pit@racetime.gg
K7NGl1E04E8YRnWA,Dark Samus,dark-samus@racetime.gg
5qZ10Aj1VdQgPbX3,Diddy Kong,diddy-kong@racetime.gg
nXBgLZEVXj0JDwrO,Donkey Kong,donkey-kong@racetime.gg
gAG3OXjwbo9xv4aq,Dr. Mario,dr-mario@racetime.gg
mXBVxgoA2jz6MZO5,Duck Hunt,duck-hunt@racetime.gg
W7P6Lyj90oQXprwY,Falco,falco@racetime.gg
D5Yyx0j4vEGw26Kv,Fox,fox@racetime.gg
VXakOPonPdvDrB8n,Ganondorf,ganondorf@racetime.gg
bvg72Mjb5o3KZlwA,Greninja,greninja@racetime.gg
Pl87GRoxQj625zgA,Hero,hero@racetime.gg
qOkXxyE6NEpPz69r,Ice Climbers,ice-climbers@racetime.gg
a9mKQGd84dAqJRgP,Ike,ike@racetime.gg
XG34nejzbjrK9qxM,Incineroar,incineroar@racetime.gg
OYxyqQje6d10ZpLG,Inkling,inkling@racetime.gg
zkV10RoGMdXOpnxa,Isabelle,isabelle@racetime.gg
zbeq45oZeEkQDA3y,Ivysaur,ivysaur@racetime.gg
peK2z4EDlEGAB7M5,Jigglypuff,jigglypuff@racetime.gg
x8pBzVEK6dkl915w,Joker,joker@racetime.gg
JZk8rad5Ad73XpmA,Ken,ken@racetime.gg
9zLeQMdpXdrG6A8D,King Dedede,king-dedede@racetime.gg
JZvnpLjR5oY03yxe,King K. Rool,king-k-rool@racetime.gg
z9VAe5EgYjRvB42w,Kirby,kirby@racetime.gg
gAzO07dQzElG6RvQ,Link,link@racetime.gg
nKPa61EmYEyz0b7X,Little Mac,little-mac@racetime.gg
xbZJYyoaPE8PMQea,Lucario,lucario@racetime.gg
Yzk9QRd2BdeaB0Ml,Lucas,lucas@racetime.gg
vDVkwlEJPj4ZJ17n,Lucina,lucina@racetime.gg
GvzqPgEyPdZ0RKnr,Luigi,luigi@racetime.gg
VYLAXKdO5oWenGzb,Mario,mario@racetime.gg
xvVzlYoLxoagLwK9,Marth,marth@racetime.gg
b62YeyoWRDER3KX0,Mega Man,mega-man@racetime.gg
yeDrb8j788dVQ26a,Meta Knight,meta-knight@racetime.gg
5BRGVMd3J0j368Lz,Mewtwo,mewtwo@racetime.gg
4BlRneEkZ9dxN6Qk,Mii Brawler,mii-brawler@racetime.gg
7BzeW5ErGWom9Xgp,Mii Swordfighter,mii-swordfighter@racetime.gg
xr85vpEMXBdX32zJ,Mii Gunner,mii-gunner@racetime.gg
4GRrp1EXRNj0B5Db,Mr. Game & Watch,mr-game-watch@racetime.gg
K517W0dvg3EL82Jm,Ness,ness@racetime.gg
XNprgAEBQ0d2yRPO,Olimar,olimar@racetime.gg
gy6vDpdlQMEzVxGY,Pac-Man,pac-man@racetime.gg
bO6vxVoY95og2G4a,Palutena,palutena@racetime.gg
qBZOVejqgREAYQ4z,Peach,peach@racetime.gg
pVxDn1jPGzo6XwZb,Pichu,pichu@racetime.gg
Yp0QD7oNl5dM3Xyz,Pikachu,pikachu@racetime.gg
K7NGl1E0r4j8YRnW,Piranha Plant,piranha-plant@racetime.gg
5qZ10Aj1RVdQgPbX,Pit,pit@racetime.gg
nXBgLZEVyXd0JDwr,Richter,richter@racetime.gg
gAG3OXjw6bo9xv4a,Ridley,ridley@racetime.gg
mXBVxgoAn2jz6MZO,R.O.B.,rob@racetime.gg
W7P6Lyj920dQXprw,Robin,robin@racetime.gg
D5Yyx0j41vdGw26K,Rosalina & Luma,rosalina-luma@racetime.gg
VXakOPongPjvDrB8,Roy,roy@racetime.gg
bvg72Mjb45E3KZlw,Ryu,ryu@racetime.gg
Pl87GRox6Qd625zg,Samus,samus@racetime.gg
qOkXxyE6YNdpPz69,Sheik,sheik@racetime.gg
a9mKQGd8P4dAqJRg,Shulk,shulk@racetime.gg
XG34nejzBbjrK9qx,Simon,simon@racetime.gg
OYxyqQjeQ6j10ZpL,Snake,snake@racetime.gg
zkV10RoGpMjXOpnx,Sonic,sonic@racetime.gg
zbeq45oZneokQDA3,Squirtle,squirtle@racetime.gg
peK2z4EDKldGAB7M,Terry,terry@racetime.gg
x8pBzVEKQ6jkl915,Toon Link,toon-link@racetime.gg
JZk8rad5aAd73Xpm,Villager,villager@racetime.gg
9zLeQMdpQXErG6A8,Wario,wario@racetime.gg
JZvnpLjRy5oY03yx,Wii Fit Trainer,wii-fit-trainer@racetime.gg
z9VAe5EgGYERvB42,Wolf,wolf@racetime.gg
gAzO07dQ5zdlG6Rv,Yoshi,yoshi@racetime.gg
nKPa61Em5YEyz0b7,Young Link,young-link@racetime.gg
xbZJYyoanPj8PMQe,Zelda,zelda@racetime.gg
Yzk9QRd2XBoeaB0M,Zero Suit Samus,zero-suit-samus@racetime.gg